{
  "random_forest": {
    "accuracy": 0.8469478187791275,
    "precision": 0.8507368160894683,
    "recall": 0.8415463366185346,
    "f1": 0.8461166204496747
  },
  "gradient_boosting": {
    "accuracy": 0.8549545419818168,
    "precision": 0.8486731508165226,
    "recall": 0.8639621055848422,
    "f1": 0.8562493847912833
  }
}