{
  "gradient_boosting": {
    "accuracy": 0.8588585835434334,
    "precision": 0.8388423194009609,
    "recall": 0.8883948353579342,
    "f1": 0.8629077740508772
  },
  "random_forest": {
    "accuracy": 0.8493391397356559,
    "precision": 0.833442718588201,
    "recall": 0.8731759492703797,
    "f1": 0.8528468024774271
  },
  "logistic_regression": {
    "accuracy": 0.8484987393994957,
    "precision": 0.8413938659122547,
    "recall": 0.8589044235617694,
    "f1": 0.8500589783141276
  }
}