{
  "random_forest": {
    "precision": 0.9861111111111112,
    "recall": 1.0,
    "f1": 0.993006993006993,
    "accuracy": 0.9915254237288136
  },
  "gradient_boosting": {
    "precision": 1.0,
    "recall": 0.971830985915493,
    "f1": 0.9857142857142858,
    "accuracy": 0.9830508474576272
  }
}